INSERT INTO escola.unidade (id, cidade, estado, pais, predio) VALUES (1, 'Araújo', 'SC', 'Brasil', 'Prédio C');
INSERT INTO escola.unidade (id, cidade, estado, pais, predio) VALUES (2, 'Farias de Goiás', 'BA', 'Brasil', 'Prédio A');
INSERT INTO escola.unidade (id, cidade, estado, pais, predio) VALUES (3, 'Viana', 'AP', 'Brasil', 'Prédio A');
INSERT INTO escola.departamento (id, nome, codigo) VALUES (1, 'Departamento ABC', 'DEP100');
INSERT INTO escola.departamento (id, nome, codigo) VALUES (2, 'Departamento XXX', 'DEP101');
INSERT INTO escola.departamento (id, nome, codigo) VALUES (3, 'Departamento ZZZ', 'DEP102');
INSERT INTO escola.usuario (id, nome, sobrenome, data_nascimento, sexo, telefone, email, senha, rua, numero, bairro, cidade, estado, pais, cep, tipo_usuario, unidade_id) VALUES (1, 'Benício', 'Carvalho', '1971-11-30', 'F', '+55 31 8908-3863', 'benício.carvalho@escola.br', '123456', 'Trecho Matheus Almeida', '66', 'Itatiaia', 'da Rosa', 'SP', 'Brasil', '11615-594', 'professor', 1);
INSERT INTO escola.usuario (id, nome, sobrenome, data_nascimento, sexo, telefone, email, senha, rua, numero, bairro, cidade, estado, pais, cep, tipo_usuario, unidade_id) VALUES (2, 'Natália', 'Ramos', '1982-09-20', 'M', '+55 71 6184 9593', 'natália.ramos@escola.br', '123456', 'Campo de Barbosa', '24', 'Barroca', 'Castro', 'MG', 'Brasil', '75255-341', 'professor', 3);
INSERT INTO escola.usuario (id, nome, sobrenome, data_nascimento, sexo, telefone, email, senha, rua, numero, bairro, cidade, estado, pais, cep, tipo_usuario, unidade_id) VALUES (3, 'Luana', 'da Cunha', '1982-08-25', 'M', '+55 51 2764 8350', 'luana.da cunha@escola.br', '123456', 'Área Lopes', '24', 'Engenho Nogueira', 'da Rosa do Amparo', 'MG', 'Brasil', '24238-849', 'professor', 3);
INSERT INTO escola.usuario (id, nome, sobrenome, data_nascimento, sexo, telefone, email, senha, rua, numero, bairro, cidade, estado, pais, cep, tipo_usuario, unidade_id) VALUES (4, 'Isis', 'Nunes', '1976-10-15', 'M', '+55 21 2871-0122', 'isis.nunes@escola.br', '123456', 'Praça de Campos', '86', 'São Geraldo', 'Vieira do Sul', 'RO', 'Brasil', '84514627', 'professor', 1);
INSERT INTO escola.usuario (id, nome, sobrenome, data_nascimento, sexo, telefone, email, senha, rua, numero, bairro, cidade, estado, pais, cep, tipo_usuario, unidade_id) VALUES (5, 'Milena', 'Ferreira', '1981-07-04', 'M', '+55 (051) 8148-9325', 'milena.ferreira@escola.br', '123456', 'Setor Souza', '6', 'Santa Cecilia', 'Correia', 'MS', 'Brasil', '30391-171', 'professor', 1);
INSERT INTO escola.usuario (id, nome, sobrenome, data_nascimento, sexo, telefone, email, senha, rua, numero, bairro, cidade, estado, pais, cep, tipo_usuario, unidade_id) VALUES (6, 'Sofia', 'Costela', '1968-11-03', 'M', '(071) 8248-9638', 'sofia.costela@escola.br', '123456', 'Vila de da Paz', '66', 'Ouro Minas', 'Costa de Farias', 'ES', 'Brasil', '50983930', 'professor', 3);
INSERT INTO escola.usuario (id, nome, sobrenome, data_nascimento, sexo, telefone, email, senha, rua, numero, bairro, cidade, estado, pais, cep, tipo_usuario, unidade_id) VALUES (7, 'Marina', 'Caldeira', '1972-04-06', 'F', '+55 (084) 0518 3473', 'marina.caldeira@escola.br', '123456', 'Conjunto de Ribeiro', '77', 'Custodinha', 'Castro', 'RO', 'Brasil', '56670-106', 'professor', 1);
INSERT INTO escola.usuario (id, nome, sobrenome, data_nascimento, sexo, telefone, email, senha, rua, numero, bairro, cidade, estado, pais, cep, tipo_usuario, unidade_id) VALUES (8, 'Renan', 'Cavalcanti', '1972-12-07', 'F', '+55 (071) 3872-6247', 'renan.cavalcanti@escola.br', '123456', 'Campo Pires', '910', 'Anchieta', 'Carvalho', 'SP', 'Brasil', '26773602', 'professor', 1);
INSERT INTO escola.usuario (id, nome, sobrenome, data_nascimento, sexo, telefone, email, senha, rua, numero, bairro, cidade, estado, pais, cep, tipo_usuario, unidade_id) VALUES (9, 'Alexandre', 'Nogueira', '1973-06-30', 'F', '(051) 4687-2343', 'alexandre.nogueira@escola.br', '123456', 'Trecho Viana', '6', 'Barreiro', 'Rocha', 'PE', 'Brasil', '08121913', 'professor', 2);
INSERT INTO escola.usuario (id, nome, sobrenome, data_nascimento, sexo, telefone, email, senha, rua, numero, bairro, cidade, estado, pais, cep, tipo_usuario, unidade_id) VALUES (10, 'Erick', 'Farias', '1984-03-03', 'M', '0300-091-6998', 'erick.farias@escola.br', '123456', 'Jardim Juan Lopes', '74', 'Céu Azul', 'Ramos Alegre', 'SP', 'Brasil', '07991183', 'professor', 1);
INSERT INTO escola.usuario (id, nome, sobrenome, data_nascimento, sexo, telefone, email, senha, rua, numero, bairro, cidade, estado, pais, cep, tipo_usuario, unidade_id) VALUES (11, 'Luiz Miguel', 'Costela', '2000-05-29', 'M', '+55 (084) 3542 7849', 'luiz miguel.costela@aluno.escola.br', 'aluno123', 'Rua de Alves', '341', 'Heliopolis', 'Cavalcanti', 'SC', 'Brasil', '44935348', 'aluno', 1);
INSERT INTO escola.usuario (id, nome, sobrenome, data_nascimento, sexo, telefone, email, senha, rua, numero, bairro, cidade, estado, pais, cep, tipo_usuario, unidade_id) VALUES (12, 'Caroline', 'Fernandes', '1995-05-03', 'F', '+55 31 6400 5242', 'caroline.fernandes@aluno.escola.br', 'aluno123', 'Praia de Vieira', '18', 'Camponesa 2ª Seção', 'da Costa', 'PI', 'Brasil', '59826204', 'aluno', 1);
INSERT INTO escola.usuario (id, nome, sobrenome, data_nascimento, sexo, telefone, email, senha, rua, numero, bairro, cidade, estado, pais, cep, tipo_usuario, unidade_id) VALUES (13, 'Thomas', 'Barbosa', '2000-07-23', 'F', '+55 (084) 3158-6923', 'thomas.barbosa@aluno.escola.br', 'aluno123', 'Estação Oliveira', '3', 'Vila Petropolis', 'Oliveira de Goiás', 'GO', 'Brasil', '16073375', 'aluno', 2);
INSERT INTO escola.usuario (id, nome, sobrenome, data_nascimento, sexo, telefone, email, senha, rua, numero, bairro, cidade, estado, pais, cep, tipo_usuario, unidade_id) VALUES (14, 'Paulo', 'Dias', '1998-04-07', 'F', '+55 (041) 3654 1458', 'paulo.dias@aluno.escola.br', 'aluno123', 'Viela Esther Melo', '2', 'Santo Agostinho', 'da Luz Verde', 'GO', 'Brasil', '19655698', 'aluno', 1);
INSERT INTO escola.usuario (id, nome, sobrenome, data_nascimento, sexo, telefone, email, senha, rua, numero, bairro, cidade, estado, pais, cep, tipo_usuario, unidade_id) VALUES (15, 'Enzo', 'Nogueira', '2004-04-12', 'F', '+55 (071) 4060-8835', 'enzo.nogueira@aluno.escola.br', 'aluno123', 'Campo Maria Cecília Melo', '551', 'Santa Sofia', 'Oliveira Alegre', 'MG', 'Brasil', '82366-299', 'aluno', 3);
INSERT INTO escola.usuario (id, nome, sobrenome, data_nascimento, sexo, telefone, email, senha, rua, numero, bairro, cidade, estado, pais, cep, tipo_usuario, unidade_id) VALUES (16, 'Otávio', 'Nunes', '2003-10-17', 'M', '+55 (011) 4436 9957', 'otávio.nunes@aluno.escola.br', 'aluno123', 'Praia Maria Eduarda da Rosa', '272', 'Jardim Alvorada', 'Carvalho de Goiás', 'RO', 'Brasil', '33200-379', 'aluno', 2);
INSERT INTO escola.usuario (id, nome, sobrenome, data_nascimento, sexo, telefone, email, senha, rua, numero, bairro, cidade, estado, pais, cep, tipo_usuario, unidade_id) VALUES (17, 'Sofia', 'Cardoso', '2002-03-21', 'M', '84 9367 6320', 'sofia.cardoso@aluno.escola.br', 'aluno123', 'Praça das Neves', '88', 'Baleia', 'Costa', 'PB', 'Brasil', '78895798', 'aluno', 3);
INSERT INTO escola.usuario (id, nome, sobrenome, data_nascimento, sexo, telefone, email, senha, rua, numero, bairro, cidade, estado, pais, cep, tipo_usuario, unidade_id) VALUES (18, 'Ana Clara', 'Vieira', '2002-01-21', 'F', '+55 (031) 7743-4873', 'ana clara.vieira@aluno.escola.br', 'aluno123', 'Praia Davi Lucas Gomes', '64', 'Lagoinha Leblon', 'Cunha', 'BA', 'Brasil', '62316658', 'aluno', 3);
INSERT INTO escola.usuario (id, nome, sobrenome, data_nascimento, sexo, telefone, email, senha, rua, numero, bairro, cidade, estado, pais, cep, tipo_usuario, unidade_id) VALUES (19, 'Bianca', 'Peixoto', '1995-07-13', 'F', '+55 (084) 6690-9670', 'bianca.peixoto@aluno.escola.br', 'aluno123', 'Lagoa Raquel Nogueira', '98', 'Virgínia', 'Rodrigues', 'ES', 'Brasil', '67065-627', 'aluno', 3);
INSERT INTO escola.usuario (id, nome, sobrenome, data_nascimento, sexo, telefone, email, senha, rua, numero, bairro, cidade, estado, pais, cep, tipo_usuario, unidade_id) VALUES (20, 'Fernando', 'Teixeira', '1994-12-06', 'M', '61 9901 6272', 'fernando.teixeira@aluno.escola.br', 'aluno123', 'Jardim Nascimento', '83', 'Leticia', 'Nascimento Paulista', 'SP', 'Brasil', '41708-053', 'aluno', 3);
INSERT INTO escola.usuario (id, nome, sobrenome, data_nascimento, sexo, telefone, email, senha, rua, numero, bairro, cidade, estado, pais, cep, tipo_usuario, unidade_id) VALUES (21, 'Maitê', 'Campos', '1967-03-19', 'M', '+55 (041) 3309 2327', 'maitê.campos@adm.escola.br', 'adm123', 'Condomínio de da Rosa', '64', 'Conjunto Lagoa', 'da Cruz', 'MA', 'Brasil', '90496631', 'administrativo', 1);
INSERT INTO escola.usuario (id, nome, sobrenome, data_nascimento, sexo, telefone, email, senha, rua, numero, bairro, cidade, estado, pais, cep, tipo_usuario, unidade_id) VALUES (22, 'Julia', 'Farias', '1971-05-29', 'M', '(031) 9190 5865', 'julia.farias@adm.escola.br', 'adm123', 'Rodovia Mendes', '7', 'Novo Ouro Preto', 'Cavalcanti de Pinto', 'MS', 'Brasil', '26284-987', 'administrativo', 2);
INSERT INTO escola.usuario (id, nome, sobrenome, data_nascimento, sexo, telefone, email, senha, rua, numero, bairro, cidade, estado, pais, cep, tipo_usuario, unidade_id) VALUES (23, 'Bianca', 'Pinto', '1982-09-27', 'M', '(061) 3147 3799', 'bianca.pinto@adm.escola.br', 'adm123', 'Parque de Mendes', '8', 'Renascença', 'da Mata do Amparo', 'DF', 'Brasil', '45494-808', 'administrativo', 1);
INSERT INTO escola.usuario (id, nome, sobrenome, data_nascimento, sexo, telefone, email, senha, rua, numero, bairro, cidade, estado, pais, cep, tipo_usuario, unidade_id) VALUES (24, 'João Miguel', 'Cardoso', '1980-11-23', 'M', '81 7837 7701', 'joão miguel.cardoso@adm.escola.br', 'adm123', 'Fazenda Alexia Farias', '69', 'Pousada Santo Antonio', 'Pereira da Prata', 'MT', 'Brasil', '74443-135', 'administrativo', 2);
INSERT INTO escola.usuario (id, nome, sobrenome, data_nascimento, sexo, telefone, email, senha, rua, numero, bairro, cidade, estado, pais, cep, tipo_usuario, unidade_id) VALUES (25, 'Erick', 'Teixeira', '1977-01-26', 'F', '+55 (071) 3749-8941', 'erick.teixeira@adm.escola.br', 'adm123', 'Lago Dias', '52', 'Alpes', 'Freitas', 'AL', 'Brasil', '84271094', 'administrativo', 2);
INSERT INTO escola.professor (usuario_id, area_especializacao, titulacao) VALUES (1, 'Arquiteto', 'Mestre');
INSERT INTO escola.professor (usuario_id, area_especializacao, titulacao) VALUES (2, 'Regente', 'Mestre');
INSERT INTO escola.professor (usuario_id, area_especializacao, titulacao) VALUES (3, 'Manicure', 'Doutor');
INSERT INTO escola.professor (usuario_id, area_especializacao, titulacao) VALUES (4, 'Adestrador de animais', 'Mestre');
INSERT INTO escola.professor (usuario_id, area_especializacao, titulacao) VALUES (5, 'Perito judicial', 'Especialista');
INSERT INTO escola.professor (usuario_id, area_especializacao, titulacao) VALUES (6, 'Auxiliar administrativo', 'Mestre');
INSERT INTO escola.professor (usuario_id, area_especializacao, titulacao) VALUES (7, 'Windsurfer', 'Doutor');
INSERT INTO escola.professor (usuario_id, area_especializacao, titulacao) VALUES (8, 'Jardineiro', 'Mestre');
INSERT INTO escola.professor (usuario_id, area_especializacao, titulacao) VALUES (9, 'Lapidário', 'Doutor');
INSERT INTO escola.professor (usuario_id, area_especializacao, titulacao) VALUES (10, 'Ourives', 'Doutor');